Workbook

Sheet Petunjuk
B1: Template HPP & Harga ixvii.co
C2: {{INFO}}
B4: Alur kerja
B5: 1 | C5: Unduh file Excel terbaru dari panel admin (jangan pakai file lama: sistem menolak file yang lebih tua dari data di web).
B6: 2 | C6: Ubah di sheet Katalog: HPP, Markup, Harga Manual, Stok, Tampil di Web, atau tambah baris baru.
B7: 3 | C7: Simpan sebagai .xlsx (dari HP/WPS atau Google Sheets pun tetap pilih .xlsx, bukan CSV/PDF).
B8: 4 | C8: Unggah di panel admin. Sistem menampilkan pratinjau: baris baru, yang berubah (lama → baru), dan error per baris.
B9: 5 | C9: Kalau tidak ada error, tekan Terapkan. Semua perubahan masuk sekaligus dan bisa dibatalkan per unggahan.
B11: Arti warna sel
B12: Kuning | C12: Isi harga di sini: HPP, Markup, Harga Manual.
B13: Putih | C13: Boleh diubah: Kategori, Aplikasi, Tipe Paket, Varian, Stok, Tampil di Web, Catatan.
B14: Abu-abu | C14: Otomatis dari sistem atau rumus. Jangan diubah (kolom ini dikunci).
B15: Nama pudar | C15: Aplikasi/tipe yang sama dengan baris di atasnya dibuat abu-abu muda supaya tabel terlihat berkelompok. Isinya tetap lengkap di setiap baris, jadi tabel tetap bisa difilter.
B17: Cara harga dihitung
B18: Rumus | C18: Harga Final = HPP + (HPP × Markup), lalu dibulatkan ke atas ke ribuan terdekat. Sama dengan rumus di file HPP lama; kolom "Margin" di file lama = kolom "Markup" di sini.
B19: Contoh | C19: Netflix 1P1U 1 Bulan: HPP Rp33.000, Markup 35% → 33.000 + 11.550 = 44.550 → Harga Final Rp45.000.
B20: Harga Manual | C20: Isi kalau mau harga tertentu (mis. Canva Team Pro Rp25.000). Kalau diisi, rumus diabaikan. Kosongkan untuk kembali ke rumus.
B21: Markup vs Margin | C21: Markup dihitung dari HPP (yang kamu isi). Margin % dihitung dari harga jual dan dipakai sistem sebagai batas aman diskon bundling. Contoh: HPP 30.000 dijual 45.000 → markup 50%, margin 33%.
B23: Aturan pengisian
B24: Angka | C24: Ketik angka biasa: 45000. Sistem juga mengerti 45.000, Rp 45.000, dan 45rb. Harga tanpa desimal. Harga di bawah Rp1.000 ditolak (biasanya salah ketik).
B25: Markup | C25: Ketik 35% atau 0,35. Markup di atas 100% boleh (mis. 465%).
B26: HPP kosong | C26: Artinya "tidak diubah" saat impor. Untuk menghapus HPP yang sudah ada, ketik tanda minus (-) dan isi Harga Manual.
B27: Varian baru | C27: Isi di baris kosong di bawah tabel, ID Varian dibiarkan kosong. ID diberikan sistem saat impor.
B28: Sembunyikan | C28: Ubah Tampil di Web jadi Tidak. Menghapus baris TIDAK menghapus produk dari web.
B29: Stok | C29: Pilih Tersedia atau Habis. Sel kosong dibaca Tersedia.
B30: Kolom terkunci | C30: Sheet Katalog dikunci tanpa kata sandi supaya rumus tidak tertimpa. Filter tetap bisa dipakai. Kalau perlu membuka: Review → Unprotect Sheet.
B32: Arti kolom Status
B33: RUGI / impas | C33: Harga Final tidak lebih tinggi dari HPP.
B34: Cek HPP | C34: Isi HPP bukan angka.
B35: Cek Harga Manual | C35: Isi Harga Manual bukan angka.
B36: Harga belum ada | C36: HPP/Markup belum lengkap dan Harga Manual kosong.
B37: Isi Harga Manual | C37: HPP mau dihapus (tanda minus), tapi Harga Manual kosong. Isi Harga Manual supaya varian tetap punya harga.
B38: Cek Markup | C38: Markup di atas 2000% atau negatif. Mau 35%? Ketik 35% (bukan 35).
B39: HPP kosong | C39: Belum ada HPP. Varian tetap dijual dengan harga yang ada, tapi tidak ikut diskon bundling.
B40: HPP 0, cek | C40: HPP tertulis 0. Benar gratis, atau belum diisi?
B41: HPP akan dihapus | C41: Diisi tanda minus: HPP lama dihapus saat impor, harga memakai Harga Manual.
B42: Berubah besar | C42: Harga Final naik/turun 30% atau lebih dari harga web sekarang.
B43: Harga berubah | C43: Harga Final berbeda dari harga web sekarang.
B44: Baru | C44: Belum ada di web; akan ditambahkan saat impor.
B45: OK | C45: Harga sama dengan yang tayang di web.

Sheet Katalog
A1: ID Varian | B1: Kategori * | C1: Aplikasi * | D1: Tipe Paket * | E1: Varian / Durasi * | F1: HPP (Rp) | G1: Markup (% dari HPP) | H1: Harga Manual (Rp) | I1: Harga Final (Rp) | J1: Untung (Rp) | K1: Margin % (dari harga jual) | L1: Harga di Web Sekarang | M1: Perubahan | N1: Status | O1: Stok | P1: Tampil di Web | Q1: Catatan Internal
I2: =IF(ISNUMBER(H2),H2,IF(AND(ISNUMBER(F2),ISNUMBER(G2)),CEILING(ROUND(F2*(1+G2),2),1000),"")) | J2: =IF(AND(ISNUMBER(I2),ISNUMBER(F2)),I2-F2,"") | K2: =IF(AND(ISNUMBER(I2),ISNUMBER(F2)),IF(I2=0,"",(I2-F2)/I2),"") | M2: =IF(AND(ISNUMBER(I2),ISNUMBER(L2)),I2-L2,"") | N2: =IF(AND(C2="",E2=""),"",IF(AND(H2<>"",NOT(ISNUMBER(H2))),"Cek Harga Manual",IF(AND(F2="-",NOT(ISNUMBER(H2))),"Isi Harga Manual",IF(F2="-","HPP akan dihapus",IF(AND(F2<>"",NOT(ISNUMBER(F2))),"Cek HPP",IF(AND(ISNUMBER(G2),OR(G2<0,G2>20)),"Cek Markup",IF(NOT(ISNUMBER(I2)),"Harga belum ada",IF(F2="","HPP kosong",IF(F2=0,"HPP 0, cek",IF(I2<=F2,"RUGI / impas",IF(NOT(ISNUMBER(L2)),"Baru",IF(M2=0,"OK",IF(ABS(M2)>=0.3*L2,"Berubah besar","Harga berubah")))))))))))))
I3: =IF(ISNUMBER(H3),H3,IF(AND(ISNUMBER(F3),ISNUMBER(G3)),CEILING(ROUND(F3*(1+G3),2),1000),"")) | J3: =IF(AND(ISNUMBER(I3),ISNUMBER(F3)),I3-F3,"") | K3: =IF(AND(ISNUMBER(I3),ISNUMBER(F3)),IF(I3=0,"",(I3-F3)/I3),"") | M3: =IF(AND(ISNUMBER(I3),ISNUMBER(L3)),I3-L3,"") | N3: =IF(AND(C3="",E3=""),"",IF(AND(H3<>"",NOT(ISNUMBER(H3))),"Cek Harga Manual",IF(AND(F3="-",NOT(ISNUMBER(H3))),"Isi Harga Manual",IF(F3="-","HPP akan dihapus",IF(AND(F3<>"",NOT(ISNUMBER(F3))),"Cek HPP",IF(AND(ISNUMBER(G3),OR(G3<0,G3>20)),"Cek Markup",IF(NOT(ISNUMBER(I3)),"Harga belum ada",IF(F3="","HPP kosong",IF(F3=0,"HPP 0, cek",IF(I3<=F3,"RUGI / impas",IF(NOT(ISNUMBER(L3)),"Baru",IF(M3=0,"OK",IF(ABS(M3)>=0.3*L3,"Berubah besar","Harga berubah")))))))))))))
I4: =IF(ISNUMBER(H4),H4,IF(AND(ISNUMBER(F4),ISNUMBER(G4)),CEILING(ROUND(F4*(1+G4),2),1000),"")) | J4: =IF(AND(ISNUMBER(I4),ISNUMBER(F4)),I4-F4,"") | K4: =IF(AND(ISNUMBER(I4),ISNUMBER(F4)),IF(I4=0,"",(I4-F4)/I4),"") | M4: =IF(AND(ISNUMBER(I4),ISNUMBER(L4)),I4-L4,"") | N4: =IF(AND(C4="",E4=""),"",IF(AND(H4<>"",NOT(ISNUMBER(H4))),"Cek Harga Manual",IF(AND(F4="-",NOT(ISNUMBER(H4))),"Isi Harga Manual",IF(F4="-","HPP akan dihapus",IF(AND(F4<>"",NOT(ISNUMBER(F4))),"Cek HPP",IF(AND(ISNUMBER(G4),OR(G4<0,G4>20)),"Cek Markup",IF(NOT(ISNUMBER(I4)),"Harga belum ada",IF(F4="","HPP kosong",IF(F4=0,"HPP 0, cek",IF(I4<=F4,"RUGI / impas",IF(NOT(ISNUMBER(L4)),"Baru",IF(M4=0,"OK",IF(ABS(M4)>=0.3*L4,"Berubah besar","Harga berubah")))))))))))))
I5: =IF(ISNUMBER(H5),H5,IF(AND(ISNUMBER(F5),ISNUMBER(G5)),CEILING(ROUND(F5*(1+G5),2),1000),"")) | J5: =IF(AND(ISNUMBER(I5),ISNUMBER(F5)),I5-F5,"") | K5: =IF(AND(ISNUMBER(I5),ISNUMBER(F5)),IF(I5=0,"",(I5-F5)/I5),"") | M5: =IF(AND(ISNUMBER(I5),ISNUMBER(L5)),I5-L5,"") | N5: =IF(AND(C5="",E5=""),"",IF(AND(H5<>"",NOT(ISNUMBER(H5))),"Cek Harga Manual",IF(AND(F5="-",NOT(ISNUMBER(H5))),"Isi Harga Manual",IF(F5="-","HPP akan dihapus",IF(AND(F5<>"",NOT(ISNUMBER(F5))),"Cek HPP",IF(AND(ISNUMBER(G5),OR(G5<0,G5>20)),"Cek Markup",IF(NOT(ISNUMBER(I5)),"Harga belum ada",IF(F5="","HPP kosong",IF(F5=0,"HPP 0, cek",IF(I5<=F5,"RUGI / impas",IF(NOT(ISNUMBER(L5)),"Baru",IF(M5=0,"OK",IF(ABS(M5)>=0.3*L5,"Berubah besar","Harga berubah")))))))))))))
I6: =IF(ISNUMBER(H6),H6,IF(AND(ISNUMBER(F6),ISNUMBER(G6)),CEILING(ROUND(F6*(1+G6),2),1000),"")) | J6: =IF(AND(ISNUMBER(I6),ISNUMBER(F6)),I6-F6,"") | K6: =IF(AND(ISNUMBER(I6),ISNUMBER(F6)),IF(I6=0,"",(I6-F6)/I6),"") | M6: =IF(AND(ISNUMBER(I6),ISNUMBER(L6)),I6-L6,"") | N6: =IF(AND(C6="",E6=""),"",IF(AND(H6<>"",NOT(ISNUMBER(H6))),"Cek Harga Manual",IF(AND(F6="-",NOT(ISNUMBER(H6))),"Isi Harga Manual",IF(F6="-","HPP akan dihapus",IF(AND(F6<>"",NOT(ISNUMBER(F6))),"Cek HPP",IF(AND(ISNUMBER(G6),OR(G6<0,G6>20)),"Cek Markup",IF(NOT(ISNUMBER(I6)),"Harga belum ada",IF(F6="","HPP kosong",IF(F6=0,"HPP 0, cek",IF(I6<=F6,"RUGI / impas",IF(NOT(ISNUMBER(L6)),"Baru",IF(M6=0,"OK",IF(ABS(M6)>=0.3*L6,"Berubah besar","Harga berubah")))))))))))))
I7: =IF(ISNUMBER(H7),H7,IF(AND(ISNUMBER(F7),ISNUMBER(G7)),CEILING(ROUND(F7*(1+G7),2),1000),"")) | J7: =IF(AND(ISNUMBER(I7),ISNUMBER(F7)),I7-F7,"") | K7: =IF(AND(ISNUMBER(I7),ISNUMBER(F7)),IF(I7=0,"",(I7-F7)/I7),"") | M7: =IF(AND(ISNUMBER(I7),ISNUMBER(L7)),I7-L7,"") | N7: =IF(AND(C7="",E7=""),"",IF(AND(H7<>"",NOT(ISNUMBER(H7))),"Cek Harga Manual",IF(AND(F7="-",NOT(ISNUMBER(H7))),"Isi Harga Manual",IF(F7="-","HPP akan dihapus",IF(AND(F7<>"",NOT(ISNUMBER(F7))),"Cek HPP",IF(AND(ISNUMBER(G7),OR(G7<0,G7>20)),"Cek Markup",IF(NOT(ISNUMBER(I7)),"Harga belum ada",IF(F7="","HPP kosong",IF(F7=0,"HPP 0, cek",IF(I7<=F7,"RUGI / impas",IF(NOT(ISNUMBER(L7)),"Baru",IF(M7=0,"OK",IF(ABS(M7)>=0.3*L7,"Berubah besar","Harga berubah")))))))))))))
I8: =IF(ISNUMBER(H8),H8,IF(AND(ISNUMBER(F8),ISNUMBER(G8)),CEILING(ROUND(F8*(1+G8),2),1000),"")) | J8: =IF(AND(ISNUMBER(I8),ISNUMBER(F8)),I8-F8,"") | K8: =IF(AND(ISNUMBER(I8),ISNUMBER(F8)),IF(I8=0,"",(I8-F8)/I8),"") | M8: =IF(AND(ISNUMBER(I8),ISNUMBER(L8)),I8-L8,"") | N8: =IF(AND(C8="",E8=""),"",IF(AND(H8<>"",NOT(ISNUMBER(H8))),"Cek Harga Manual",IF(AND(F8="-",NOT(ISNUMBER(H8))),"Isi Harga Manual",IF(F8="-","HPP akan dihapus",IF(AND(F8<>"",NOT(ISNUMBER(F8))),"Cek HPP",IF(AND(ISNUMBER(G8),OR(G8<0,G8>20)),"Cek Markup",IF(NOT(ISNUMBER(I8)),"Harga belum ada",IF(F8="","HPP kosong",IF(F8=0,"HPP 0, cek",IF(I8<=F8,"RUGI / impas",IF(NOT(ISNUMBER(L8)),"Baru",IF(M8=0,"OK",IF(ABS(M8)>=0.3*L8,"Berubah besar","Harga berubah")))))))))))))
I9: =IF(ISNUMBER(H9),H9,IF(AND(ISNUMBER(F9),ISNUMBER(G9)),CEILING(ROUND(F9*(1+G9),2),1000),"")) | J9: =IF(AND(ISNUMBER(I9),ISNUMBER(F9)),I9-F9,"") | K9: =IF(AND(ISNUMBER(I9),ISNUMBER(F9)),IF(I9=0,"",(I9-F9)/I9),"") | M9: =IF(AND(ISNUMBER(I9),ISNUMBER(L9)),I9-L9,"") | N9: =IF(AND(C9="",E9=""),"",IF(AND(H9<>"",NOT(ISNUMBER(H9))),"Cek Harga Manual",IF(AND(F9="-",NOT(ISNUMBER(H9))),"Isi Harga Manual",IF(F9="-","HPP akan dihapus",IF(AND(F9<>"",NOT(ISNUMBER(F9))),"Cek HPP",IF(AND(ISNUMBER(G9),OR(G9<0,G9>20)),"Cek Markup",IF(NOT(ISNUMBER(I9)),"Harga belum ada",IF(F9="","HPP kosong",IF(F9=0,"HPP 0, cek",IF(I9<=F9,"RUGI / impas",IF(NOT(ISNUMBER(L9)),"Baru",IF(M9=0,"OK",IF(ABS(M9)>=0.3*L9,"Berubah besar","Harga berubah")))))))))))))
I10: =IF(ISNUMBER(H10),H10,IF(AND(ISNUMBER(F10),ISNUMBER(G10)),CEILING(ROUND(F10*(1+G10),2),1000),"")) | J10: =IF(AND(ISNUMBER(I10),ISNUMBER(F10)),I10-F10,"") | K10: =IF(AND(ISNUMBER(I10),ISNUMBER(F10)),IF(I10=0,"",(I10-F10)/I10),"") | M10: =IF(AND(ISNUMBER(I10),ISNUMBER(L10)),I10-L10,"") | N10: =IF(AND(C10="",E10=""),"",IF(AND(H10<>"",NOT(ISNUMBER(H10))),"Cek Harga Manual",IF(AND(F10="-",NOT(ISNUMBER(H10))),"Isi Harga Manual",IF(F10="-","HPP akan dihapus",IF(AND(F10<>"",NOT(ISNUMBER(F10))),"Cek HPP",IF(AND(ISNUMBER(G10),OR(G10<0,G10>20)),"Cek Markup",IF(NOT(ISNUMBER(I10)),"Harga belum ada",IF(F10="","HPP kosong",IF(F10=0,"HPP 0, cek",IF(I10<=F10,"RUGI / impas",IF(NOT(ISNUMBER(L10)),"Baru",IF(M10=0,"OK",IF(ABS(M10)>=0.3*L10,"Berubah besar","Harga berubah")))))))))))))
I11: =IF(ISNUMBER(H11),H11,IF(AND(ISNUMBER(F11),ISNUMBER(G11)),CEILING(ROUND(F11*(1+G11),2),1000),"")) | J11: =IF(AND(ISNUMBER(I11),ISNUMBER(F11)),I11-F11,"") | K11: =IF(AND(ISNUMBER(I11),ISNUMBER(F11)),IF(I11=0,"",(I11-F11)/I11),"") | M11: =IF(AND(ISNUMBER(I11),ISNUMBER(L11)),I11-L11,"") | N11: =IF(AND(C11="",E11=""),"",IF(AND(H11<>"",NOT(ISNUMBER(H11))),"Cek Harga Manual",IF(AND(F11="-",NOT(ISNUMBER(H11))),"Isi Harga Manual",IF(F11="-","HPP akan dihapus",IF(AND(F11<>"",NOT(ISNUMBER(F11))),"Cek HPP",IF(AND(ISNUMBER(G11),OR(G11<0,G11>20)),"Cek Markup",IF(NOT(ISNUMBER(I11)),"Harga belum ada",IF(F11="","HPP kosong",IF(F11=0,"HPP 0, cek",IF(I11<=F11,"RUGI / impas",IF(NOT(ISNUMBER(L11)),"Baru",IF(M11=0,"OK",IF(ABS(M11)>=0.3*L11,"Berubah besar","Harga berubah")))))))))))))
I12: =IF(ISNUMBER(H12),H12,IF(AND(ISNUMBER(F12),ISNUMBER(G12)),CEILING(ROUND(F12*(1+G12),2),1000),"")) | J12: =IF(AND(ISNUMBER(I12),ISNUMBER(F12)),I12-F12,"") | K12: =IF(AND(ISNUMBER(I12),ISNUMBER(F12)),IF(I12=0,"",(I12-F12)/I12),"") | M12: =IF(AND(ISNUMBER(I12),ISNUMBER(L12)),I12-L12,"") | N12: =IF(AND(C12="",E12=""),"",IF(AND(H12<>"",NOT(ISNUMBER(H12))),"Cek Harga Manual",IF(AND(F12="-",NOT(ISNUMBER(H12))),"Isi Harga Manual",IF(F12="-","HPP akan dihapus",IF(AND(F12<>"",NOT(ISNUMBER(F12))),"Cek HPP",IF(AND(ISNUMBER(G12),OR(G12<0,G12>20)),"Cek Markup",IF(NOT(ISNUMBER(I12)),"Harga belum ada",IF(F12="","HPP kosong",IF(F12=0,"HPP 0, cek",IF(I12<=F12,"RUGI / impas",IF(NOT(ISNUMBER(L12)),"Baru",IF(M12=0,"OK",IF(ABS(M12)>=0.3*L12,"Berubah besar","Harga berubah")))))))))))))
I13: =IF(ISNUMBER(H13),H13,IF(AND(ISNUMBER(F13),ISNUMBER(G13)),CEILING(ROUND(F13*(1+G13),2),1000),"")) | J13: =IF(AND(ISNUMBER(I13),ISNUMBER(F13)),I13-F13,"") | K13: =IF(AND(ISNUMBER(I13),ISNUMBER(F13)),IF(I13=0,"",(I13-F13)/I13),"") | M13: =IF(AND(ISNUMBER(I13),ISNUMBER(L13)),I13-L13,"") | N13: =IF(AND(C13="",E13=""),"",IF(AND(H13<>"",NOT(ISNUMBER(H13))),"Cek Harga Manual",IF(AND(F13="-",NOT(ISNUMBER(H13))),"Isi Harga Manual",IF(F13="-","HPP akan dihapus",IF(AND(F13<>"",NOT(ISNUMBER(F13))),"Cek HPP",IF(AND(ISNUMBER(G13),OR(G13<0,G13>20)),"Cek Markup",IF(NOT(ISNUMBER(I13)),"Harga belum ada",IF(F13="","HPP kosong",IF(F13=0,"HPP 0, cek",IF(I13<=F13,"RUGI / impas",IF(NOT(ISNUMBER(L13)),"Baru",IF(M13=0,"OK",IF(ABS(M13)>=0.3*L13,"Berubah besar","Harga berubah")))))))))))))
... I400: =IF(ISNUMBER(H400),H400,IF(AND(ISNUMBER(F400),ISNUMBER(G400)),CEILING(ROUND(F400*(1+G400),2),1000),"")) | J400: =IF(AND(ISNUMBER(I400),ISNUMBER(F400)),I400-F400,"") | K400: =IF(AND(ISNUMBER(I400),ISNUMBER(F400)),IF(I400=0,"",(I400-F400)/I400),"") | M400: =IF(AND(ISNUMBER(I400),ISNUMBER(L400)),I400-L400,"") | N400: =IF(AND(C400="",E400=""),"",IF(AND(H400<>"",NOT(ISNUMBER(H400))),"Cek Harga Manual",IF(AND(F400="-",NOT(ISNUMBER(H400))),"Isi Harga Manual",IF(F400="-","HPP akan dihapus",IF(AND(F400<>"",NOT(ISNUMBER(F400))),"Cek HPP",IF(AND(ISNUMBER(G400),OR(G400<0,G400>20)),"Cek Markup",IF(NOT(ISNUMBER(I400)),"Harga belum ada",IF(F400="","HPP kosong",IF(F400=0,"HPP 0, cek",IF(I400<=F400,"RUGI / impas",IF(NOT(ISNUMBER(L400)),"Baru",IF(M400=0,"OK",IF(ABS(M400)>=0.3*L400,"Berubah besar","Harga berubah")))))))))))))

Sheet Aplikasi
A1: Kategori | B1: Aplikasi | C1: Deskripsi Aplikasi (tampil di web) | D1: Jumlah Varian | F1: Deskripsi aplikasi diubah lewat panel admin (menu Aplikasi), bukan di sini.
D2: =IF(B2="","",COUNTIF(Katalog!$C$2:$C$400,B2))
D3: =IF(B3="","",COUNTIF(Katalog!$C$2:$C$400,B3))
D4: =IF(B4="","",COUNTIF(Katalog!$C$2:$C$400,B4))
D5: =IF(B5="","",COUNTIF(Katalog!$C$2:$C$400,B5))
D6: =IF(B6="","",COUNTIF(Katalog!$C$2:$C$400,B6))
D7: =IF(B7="","",COUNTIF(Katalog!$C$2:$C$400,B7))
D8: =IF(B8="","",COUNTIF(Katalog!$C$2:$C$400,B8))
D9: =IF(B9="","",COUNTIF(Katalog!$C$2:$C$400,B9))
D10: =IF(B10="","",COUNTIF(Katalog!$C$2:$C$400,B10))
D11: =IF(B11="","",COUNTIF(Katalog!$C$2:$C$400,B11))
D12: =IF(B12="","",COUNTIF(Katalog!$C$2:$C$400,B12))
D13: =IF(B13="","",COUNTIF(Katalog!$C$2:$C$400,B13))
... D151: =IF(B151="","",COUNTIF(Katalog!$C$2:$C$400,B151))

Sheet Referensi
A1: Kategori | B1: Deskripsi Kategori (tampil di web) | D1: Stok | E1: Tampil di Web | G1: Nama "Jenis" di file HPP lama | H1: Kategori di sini | J1: Versi data | K1: {{VERSI}}
D2: Tersedia | E2: Ya | G2: Streaming | H2: Nonton | J2: Diisi otomatis saat ekspor dari panel admin. Kosong = file awal (tidak dicek).
D3: Habis | E3: Tidak | G3: Music App | H3: Musik
G4: Editing Apps | H4: Editing | J4: Sheet ini dipakai untuk isi dropdown. Kategori baru ditambahkan di kolom A (sampai baris 20).
G5: AI Things | H5: AI | J5: Pembaca impor juga mengerti nama "Jenis" dari file HPP lama (kolom G), jadi file lama tetap bisa diunggah.
G6: Educational Apps | H6: Edukasi
G7: Miscellaneous | H7: Lainnya
